ID,Original file name,Kokama,Português 
1,ahánga epetsin.mp3,ahánga epetsin,aqui você está
2,ahánga etse.mp3,ahánga etse,eu estou aqui
3,ahánga meruri - traz pra cá - as.mp3,ahánga meruri,traz pra cá
4,ahánga netxari -  deixa aqui mesmo - as.mp3,ahánga netxari,deixa aqui mesmo
5,ahánga pénu kánu - aqui nós estamos  as.mp3,ahánga pénu kánu,aqui nós estamos
6,ahánga ta - aqui eu estou as.mp3,ahánga ta,aqui eu estou
7,ahánga tsa taíra txurinán - este é menor filho que eu tenho - as.mp3,ahánga tsa taíra txurinán,este é menor filho que eu tenho
8,ahánga úka - esta casa - as.mp3,ahánga úka,esta casa
9,ái tsýki - fumar as.mp3,ái tsýki,fumar
10,ai utxímata - o que arranca as.mp3,ai utxímata,o que arranca
11,áipóno iákwíara - já lembrou as.mp3,áipóno iákwíara,já lembrou
12,aíra karuka - já está entardecendo - as.mp3,aíra karuka,já está entardecendo
13,aíra píruka - descascador as.mp3,aíra píruka,descascador
14,aíra wátari oípi ɨkratsin - tá faltando 1 menino as.mp3,aíra wátari oípi ɨkratsin,tá faltando 1 menino
15,airána aikwaka tsóri - elas brigam muito - maria.mp3,airána aikwaka tsóri,elas brigam muito
16,airáta - rezador as.mp3,airáta,rezador
17,aítsa era - ficar bom as.mp3,aítsa era,ficar bom
18,áitsa íaúki - eu fiz as.mp3,áitsa íaúki,eu fiz
19,aítsa jáparátsi - eu dancei as.mp3,aítsa jáparátsi,eu dancei
20,aitso upáku -  eu acordo  as.mp3,aitso upáku,eu acordo
21,áitso úpata - eu acabo as.mp3,áitso úpata,eu acabo
22,áitsu iákwiára - eu me lembrei  as.mp3,áitsu iákwiára,eu me lembrei
23,áitsu íamútima - já cheguei - as.mp3,áitsu íamútima,já cheguei
24,aítsu ɨkíri - eu durmo as.mp3,aítsu ɨkíri,eu durmo
25,aiutsára - coça - as.mp3,aiutsára,coça
26,áj aja - caçador as.mp3,áj aja,caçador
27,aj jutúma - o que enterra planta as.mp3,aj jutúma,o que enterra planta
28,aj́ kwáta - tô doente - mariasamias.mp3,aj́ kwáta,tô doente
29,aj́ tsu kápa - eu sou aleijado - as.mp3,aj́ tsu kápa,eu sou aleijado
30,aj uráta - curador as.mp3,aj uráta,curador
31,aj́póra  karuka - já está entardecendo as.mp3,aj́póra,já estou
32,aj́póra - já estou as.mp3,aj́póra  karuka,já está entardecendo
33,ajpóra kanáta - já amanheceu  as.mp3,ajpóra kanáta,já amanheceu
34,aj́póra kanáta - já está amanhecendo - as.mp3,aj́póra kanáta,já está amanhecendo
35,ajpóra kanáta útso - amanhecer as.mp3,ajpóra kanáta útso,amanhecer
36,aj́póra karuka - já é tarde as.mp3,aj́póra karuka,já é tarde
37,ajpóra memɨra-feto.mp3,ajpóra memɨra,feto
38,ajpóra mumɨra - grávida as.mp3,ajpóra mumɨra,grávida
39,ajpóra pénu tutsu wári motóro kwara - está na hora de embarcar as.mp3,ajpóra pénu tutsu wári motóro kwara,está na hora de embarcar
40,ajpóra rikána - seca as.mp3,ajpóra rikána,seca
41,ajpóra rupari  tsiríma - recém nascido.mp3,ajpóra rupari  tsiríma,recém nascido
42,aj́póra táta kwaxi - já são 12 horas as.mp3,aj́póra táta kwaxi,já são 12 horas
43,ájpóra tsa kárupa - já rocei as.mp3,ájpóra tsa kárupa,já rocei
44,ájpóra tsa kwiára - já tô chegando as.mp3,ájpóra tsa kwiára,já tô chegando
45,"ajpóro  tsótsu - já vou embora adeus - as.mp3",ajpóro  tsótsu,"já vou embora adeus"
46,aj́póro penu iamátxi - você já está com fome as.mp3,aj́póro penu iamátxi,você já está com fome
47,aj́póro ripi - já é de manhã as.mp3,aj́póro ripi,já é de manhã
48,ajpóro tsa íaúki - eu fiz  as.mp3,ajpóro tsa íaúki,eu fiz
49,ajpóro tsa ɨkíri - eu já dormi as.mp3,ajpóro tsa ɨkíri,eu já dormi
50,ajpóro tsa jáparátsi - já tô dançando as.mp3,ajpóro tsa jáparátsi,já tô dançando
51,ájpóro tsótso - já vou as.mp3,ájpóro tsótso,já vou
52,ajpóru íamátxi - já comeu  as.mp3,ajpóru íamátxi,já comeu
53,ajpóti jakriwa - nós estamos com pressa - as.mp3,ajpóti jakriwa,nós estamos com pressa
54,"ajpura ruári - ja caiu ja nasceu as.mp3",ajpura ruári,"ja caiu ja nasceu"
55,"ajpura ruári - já caiu já nasceu as.mp3",ajpura ruári,"já caiu já nasceu"
56,ajpura txutxuta  - dar de mamar as.mp3,ajpura txutxuta,dar de mamar
57,ajpura txutxuta - dar de mamar as.mp3,ajpura txutxuta,dar de mamar
58,aj́ra ikẃa - já aprendeu as.mp3,aj́ra ikẃa,já aprendeu
59,aj́ra tsuri -já tá frio - as.mp3,aj́ra tsuri,já tá frio
60,aj́ta tsa kuta etse - se cortar as.mp3,aj́ta tsa kuta etse,se cortar
61,ajtánu irútso - até amanhã - as.mp3,ajtánu irútso,até amanhã
62,ajtsa jamáti - eu estou com fome  - as.mp3,ajtsa jamáti,eu estou com fome
63,aj́txyk - pescador as.mp3,aj́txyk,pescador
64,ajúma-irmã do marido.mp3,ajúma,irmã do marido
65,akára - acará as.mp3,akára,acará
66,akaruátsu - acarauaçu as.mp3,akaruátsu,acarauaçu
67,akúti - cutia as.mp3,akúti,cutia
68,akýky - macaco guariba as.mp3,akýky,macaco guariba
69,akýky - macaco prego as.mp3,akýky,macaco prego
70,akýky-qualquer macaco as.mp3,akýky,qualquer macaco
71,amána-chuva benjaminsamias.mp3,amána,chuva
72,amána itáki - chuva ítaki benjaminsamias.mp3,amána itáki,chuva ítaki
73,amána játsu - mês de chuva as.mp3,amána jatsu,tempo de chuva
74,amána jatsu - tempo de chuva as.mp3,amána játsu,mês de chuva
75,amána táma wári - parou de chover -  as.mp3,amána táma wári,parou de chover
76,amána wári - choveu  as.mp3,amána wári,choveu
77,amoj- avô.mp3,amoj,avô
78,amój uíni txéta - vovô vomitou muito - as.mp3,amój uíni txéta,vovô vomitou muito
79,amoja - avó.mp3,amoja,avó
80,amoy - avô .mp3,amoy,avô
81,amúa úka - outra casa - as.mp3,amúa úka,outra casa
82,amuti - úka as.mp3,amuti,úka
83,ana  eyu páku mitíra  -ana comeu pirapitinga assado - as.mp3,ana  eyu páku mitíra,ana comeu pirapitinga assado
84,ana iapítika kɨa conceição fextaka - ana pegou piolho na festa da conceição - as.mp3,ana iapítika kɨa conceição fextaka,ana pegou piolho na festa da conceição
85,ana íumúra táma eyu jacári -  ana ficou zangada porque não comeu jacaré - as.mp3,ana íumúra táma eyu jacári,ana ficou zangada porque não comeu jacaré
86,ana íuríti íamáma - ana ficou triste por causa do jacaré as.mp3,ana íuríti íamáma,ana ficou triste por causa do jacaré
87,ana ótsu uíarika  maiapótsu - ana vai de novo pra lá daqui a pouco - as.mp3,ana ótsu uíarika  maiapótsu,ana vai de novo pra lá daqui a pouco
88,ana tsitúni ipíra - ana cheirou peixe - as.mp3,ana tsitúni ipíra,ana cheirou peixe
89,ana txeta eyu jácari - ana gosta muito de comer jacaré as.mp3,ana txeta eyu jácari,ana gosta muito de comer jacaré
90,ana úri uriptsói  iuti tsúni witu múki  - ana veio com a boca pintada de preto - as.mp3,ana úri uriptsói  iuti tsúni witu múki,ana veio com a boca pintada de preto
91,ananýa  - pirárara as.mp3,ananýa,pirárara
92,ángatín ángatín paránakwara émeti txeta ypíra - este rio tem muito peixe - as.mp3,ángatín ángatín paránakwara émeti txeta ypíra,este rio tem muito peixe
93,angelina táma úri - angelina também não veio - as.mp3,angelina táma úri,angelina também não veio
94,angelina tímari raóri - angelina também ainda não veio - as.mp3,angelina tímari raóri,angelina também ainda não veio
95,ánɨra - morcego as.mp3,ánɨra,morcego
96,antonio kurata txeta kaitsuma - antônio bebeu muita caiçuma - as.mp3,antonio kurata txeta kaitsuma,antônio bebeu muita caiçuma
97,antonio púru táma ikúa erutsu mótoro - antônio curico não sabe fazer andar o motor - as.mp3,antonio púru táma ikúa erutsu mótoro,antônio curico não sabe fazer andar o motor
98,apín jáki - vamos entrar - as.mp3,apín jáki,vamos entrar
99,aratsári  - tucano as.mp3,aratsári,tucano
100,aruánu - aruanã as.mp3,aruánu,aruanã
101,asukurupi wípe hora - descendo o rio gasta 1 hora - as.mp3,asukurupi wípe hora,descendo o rio gasta 1 hora
102,atawári - galinha as.mp3,atawári,galinha
103,"atawári kúmitsa - galo fala conversa  - as.mp3",atawári kúmitsa,"galo fala conversa"
104,atawári kúmitsa - o galo canta as.mp3,atawári kúmitsa,o galo canta
105,atáwari kúmitsa táma era óri - o galo cantou fora de hora - as.mp3,atáwari kúmitsa táma era óri,o galo cantou fora de hora
106,atawári mitxira-galinha assada - as.mp3,atawári mitxira,galinha assada
107,atíxi - espirro as.mp3,atíxi,espirro
108,átxu ána - coisa oval -   as.mp3,átxu ána,coisa oval
109,atxuána amána kwaratxi - tempo de pouca chuva as.mp3,atxuána amána kwaratxi,tempo de pouca chuva
110,aureliano mirikua júmi ui a alicia tsuí -  mulher de aureliano deu farinha para alicia - as.mp3,aureliano mirikua júmi ui a alicia tsuí,mulher de aureliano deu farinha para alicia
111,áwa jatreta - o que colhe as.mp3,áwa jatreta,o que colhe
112,áwa típa aíu káka - quem é que ta brigando  as.mp3,áwa típa aíu káka,quem é que ta brigando
113,áwa típúra kúmitsa - quem tá falando  as.mp3,áwa típúra kúmitsa,quem tá falando
114,áwa tsúma - uma coisa liquída - as.mp3,áwa tsúma,uma coisa liquída
115,áwa txurinán - gente pequena - as.mp3,áwa txurinán,gente pequena
116,awakána úmi mui parána tsatsua -  a gente viu uma cobra atravessando o rio - as.mp3,awakána úmi mui parána tsatsua,a gente viu uma cobra atravessando o rio
117,awaríndi - bebiba as.mp3,awaríndi,bebiba
118,áwaríndi wára - cachaceiro as.mp3,áwaríndi wára,cachaceiro
119,awáti - milho as.mp3,awáti,milho
120,áwati mitíra -  milho assado as.mp3,áwati mitíra,milho assado
121,awatípi jáupára - alguém vai fugir - as.mp3,awatípi jáupára,alguém vai fugir
122,awruka hora penútsu j́amútima ouriki - quanto tempo  gasta pra chegar lá - as.mp3,awruka hora penútsu j́amútima ouriki,quanto tempo  gasta pra chegar lá
123,axpúru tsu umánu - estou morrendo - mariasamias.mp3,axpúru tsu umánu,estou morrendo
124,axtópi ía éju - todo mundo já comeu -  as.mp3,axtópi ía éju,todo mundo já comeu
125,axtópi iámatxi - todo mundo está com fome -  as.mp3,axtópi iámatxi,todo mundo está com fome
126,axtópi íwmiráka - aí tão tudo chato zangado -  mariajanuário.mp3,axtópi íwmiráka,aí tão tudo chato zangado
127,aý - preguiça as.mp3,aý,preguiça
128,aykáku - briga as.mp3,aykáku,briga
129,ayuma-cunhado marido da irmã.mp3,ayuma,cunhado marido da irmã
130,bakaba - bacaba as.mp3,bakaba,bacaba
131,beju - beiju as.mp3,beju,beiju
132,bosatxunga eueriru - dezoito frutas - as.mp3,bosatxunga eueriru,dezoito frutas
133,cuniáti - mocinha.mp3,cuniáti,mocinha
134,deoleide wári - deoleide pariu  - as.mp3,deoleide wári,deoleide pariu
135,doma etxilia eruru iruáka atáwári tsópi - dona ercília trouxe quatro ovos.   as.mp3,doma etxilia eruru iruáka atáwári tsópi,dona ercília trouxe quatro ovos
136,éki - pimentão - as.mp3,éki,pimentão
137,emeríra - sobrinha.mp3,emeríra,sobrinha
138,émeta txeta mutuka - lá tem muita mutuca - as.mp3,émeta txeta mutuka,lá tem muita mutuca
139,éna karuka - boa tarde  as.mp3,éna karuka,boa tarde
140,éne kuema - bom dia  as.mp3,éne kuema,bom dia
141,epitóna - noite as.mp3,epitóna,noite
142,épo - coisa mole  as.mp3,épo,coisa mole
143,éra - foi bom - as.mp3,éra,foi bom
144,era ja japána as.mp3,era ja japána,
145,era jápana - corrida as.mp3,era jápana,corrida
146,era na karuta - bem mastigado   as.mp3,era na karuta,bem mastigado
147,era ratýra - molhar bem as.mp3,era ratýra,molhar bem
148,erípaka na miríkua - sua mulher é bonita (pergunta) as.mp3,erípaka na miríkua,sua mulher é bonita (pergunta)
149,eripaka ouriki - ourique é bonito (pergunta) - as.mp3,eripaka ouriki,ourique é bonito (pergunta)
150,éruja - irmão da mulher.mp3,éruja,irmão da mulher
151,escola nɨ́a - escola é grande as.mp3,escola nɨ́a,escola é grande
152,escola órutsui - a escola é de madeira  as.mp3,escola órutsui,a escola é de madeira
153,etsa seháxka ɨwɨra - eu serrei madeira - as.mp3,etsa seháxka ɨwɨra,eu serrei madeira
154,etse  tsái máta kitxikɨra - eu amolei a faca - as.mp3,etse  tsái máta kitxikɨra,eu amolei a faca
155,étse ahánga nan - eu estou aqui as.mp3,étse ahánga nan,eu estou aqui
156,etse aía éra - eu arpo bem  as.mp3,etse aía éra,eu arpo bem
157,etse aj kúmitsisáka - ele também falou na festa dele. - as.mp3,etse aj kúmitsisáka,ele também falou na festa dele
158,etse éni pápa jákina - eu bati a porta - as.mp3,etse éni pápa jákina,eu bati a porta
159,etse japukwára tsáti ele ficou com dor de cabeça - maria.mp3,etse japukwára tsáti ele ficou com dor de cabeça,maria
160,etse júmi mutsána jukrátsin - eu dei remédio para o menino -  as.mp3,etse júmi mutsána jukrátsin,eu dei remédio para o menino
161,etse júmuna iwaukɨra - eu encontre uma menina - as.mp3,etse júmuna iwaukɨra,eu encontre uma menina
162,etse jwtarimúki - eu estou com coceira braba - as.mp3,etse jwtarimúki,eu estou com coceira braba
163,etse kúpi txeta - eu capinei muito - as.mp3,etse kúpi txeta,eu capinei muito
164,etse makánori múki makánori kunda - eu estou com tosse braba - as.mp3,etse makánori múki makánori kunda,eu estou com tosse braba
165,etse púripe iánukátan - eu comprei pano  as.mp3,etse púripe iánukátan,eu comprei pano
166,etse tsakái tsakári - estou com a perna quebrada - as.mp3,etse tsakái tsakári,estou com a perna quebrada
167,étse tsoatsu  úni múki - me molhei com água as.mp3,étse tsoatsu  úni múki,me molhei com água
168,etse tsokúta wára - eu amarrei a canoa - as.mp3,etse tsokúta wára,eu amarrei a canoa
169,etse útso karúka - mais tarde que eu vou - as.mp3,etse útso karúka,mais tarde que eu vou
170,étximári - genro.mp3,étximári,genro
171,euríaty - árvore as.mp3,euríaty,árvore
172,exko txunga atáwári - dezenove galinhas  -  as.mp3,exko txunga atáwári,dezenove galinhas
173,éxku tsitsa - oito flores -  as.mp3,éxku tsitsa,oito flores
174,exkú txunga papájóa -oitenta mamão - as.mp3,exkú txunga papájóa,oitenta mamão
175,eya - bodó as.mp3,eya,bodó
176,éya - coração.mp3,éya,coração
177,éya - estômago.mp3,éya,estômago
178,éya-pulmão.mp3,éya,pulmão
179,éyu ajpóra  tsuri - a comida já tá fria - as.mp3,éyu ajpóra  tsuri,a comida já tá fria
180,francisco akatxi tupátsoi - francisco tem medo de trovão - as.mp3,francisco akatxi tupátsoi,francisco tem medo de trovão
181,francisco jákwíara txeta - francisco pensou muito - as.mp3,francisco jákwíara txeta,francisco pensou muito
182,franciscu púripi iwátso waldemiro tsói - francisco comprou pirarucu de waldemiro as.mp3,franciscu púripi iwátso waldemiro tsói,francisco comprou pirarucu de waldemiro
183,henock kúmitsáka na fextaka - seu henock  falou  na casa dele. -  as.mp3,henock kúmitsáka na fextaka,seu henock  falou  na casa dele
184,ía óki - desenho  as.mp3,ía óki,desenho
185,ía tapúta - ombro.mp3,ía tapúta,ombro
186,ía txeta - deixar trancado as.mp3,ía txeta,deixar trancado
187,íai pinára itxari - deixa lá mesmo - as.mp3,íai pinára itxari,deixa lá mesmo
188,íai putsói penu utso wata tara - depois nós vamos passear as.mp3,íai putsói penu utso wata tara,depois nós vamos passear
189,iáia úki múritsu - aquele que mexe com barro-  as.mp3,iáia úki múritsu,aquele que mexe com barro
190,iaípi uka - essa casa - as.mp3,iaípi uka,essa casa
191,iakɨ - cabeça as.mp3,iakɨ,cabeça
192,íapai - vambora as.mp3,íapai,vambora
193,íapitíka kɨa  - ana pegou piolho - as.mp3,íapitíka kɨa,ana pegou piolho
194,íapitxíka  - pegar as.mp3,íapitxíka,pegar
195,iáuki úka  - aquele que faz casa - as.mp3,iáuki úka,aquele que faz casa
196,"íautxíma iára tsoj - o que desembarga - sai da canoa as.mp3",íautxíma iára tsoj,"o que desembarga - sai da canoa"
197,iéju - jeju as.mp3,iéju,jeju
198,ikrátsin iamáti - e os meninos estão com fome - mariajanuário.mp3,ikrátsin iamáti,e os meninos estão com fome
199,ikúa - saber as.mp3,ikúa,saber
200,íkua amána wári - hoje vai chover as.mp3,íkua amána wári,hoje vai chover
201,ikúa iáia - ele flecha as.mp3,ikúa iáia,ele flecha
202,ikuáti era  nuati - antônio sâmias - as.mp3,ikuáti era  nuati,antônio sâmias
203,ikun  tse kwáta ta taýra - criar filho as.mp3,ikun  tse kwáta ta taýra,criar filho
204,ikún jámútima áwa sapotal káti -hoje chegou visita em sapotal - as.mp3,ikún jámútima áwa sapotal káti,hoje chegou visita em sapotal
205,ikun j́utimáta maníaca j́uka tamira - hoje eu vou arrancar mandioca pra relar - as.mp3,ikun j́utimáta maníaca j́uka tamira,hoje eu vou arrancar mandioca pra relar
206,ikún táma jatsitsa kámata - agora eles não estão querendo trabalhar - mariajanuário.mp3,ikún táma jatsitsa kámata,agora eles não estão querendo trabalhar
207,ikuntu utximáta mániáka ta txiákata míra -hoje eu vou arrancar mandioca para relar - marias.mp3,ikuntu utximáta mániáka ta txiákata míra,hoje eu vou arrancar mandioca para relar
208,íkwa - ensino as.mp3,íkwa,ensino
209,íkwa - sabido as.mp3,íkwa,sabido
210,íkwa iaúki wára - aquele que trabalha com madeira a.mp3,íkwa iaúki wára,aquele que trabalha com madeira
211,íkwa jaýra - traidor as.mp3,íkwa jaýra,traidor
212,ikwaio ɨkɨra - agora eles estão dormindo - mariajanuário.mp3,ikwaio ɨkɨra,agora eles estão dormindo
213,íkwáta - professor as.mp3,íkwáta,professor
214,íkwati - sabedoria as.mp3,íkwati,sabedoria
215,iopúpi - fundo do rio as.mp3,iopúpi,fundo do rio
216,ípána mápuru txíru na erura tsin kytxi - levanta preguiçoso traz teçado maria.mp3,ípána mápuru txíru na erura tsin kytxi,levanta preguiçoso traz teçado maria
217,ipátsu - lagoas benjaminsamias.mp3,ipátsu,lagoas
218,ipíra - piranha as.mp3,ipíra,piranha
219,ipíra - todos os peixes as.mp3,ipíra,todos os peixes
220,ipíra-todos os peixes as.mp3,ipíra,todos os peixes
221,ipírawíra - boto as.mp3,ipírawíra,boto
222,ipítuma játsu - tempo fechado as.mp3,ipítuma játsu,tempo fechado
223,ipúka - coisa comprida as.mp3,ipúka,coisa comprida
224,iráci ikún pénu múki - iraci hoje está aqui com a gente - as.mp3,iráci ikún pénu múki,iraci hoje está aqui com a gente
225,iráki txunga japókatoi - quatorze cadeiras -  as.mp3,iráki txunga japókatoi,quatorze cadeiras
226,irira eu quero ukaka kamátika - eu quero voltar pra casa porque eu estou com fome - firmino.mp3,irira eu quero ukaka kamátika,eu quero voltar pra casa porque eu estou com fome
227,íruáka patxa - quatrocentos -  as.mp3,íruáka patxa,quatrocentos
228,íruáka pitíka típanára - quarenta penca de banana as.mp3,íruáka pitíka típanára,quarenta penca de banana
229,itáki - pedra as.mp3,itáki,pedra
230,itíni - areia benjaminsamias.mp3,itíni,areia
231,itsi jákurára tso otso kamatutára - eu lembrei que tenho que trabalhar - as.mp3,itsi jákurára tso otso kamatutára,eu lembrei que tenho que trabalhar
232,itsikwára tsinipúki ipituni  - olho dele é azul escuro - as.mp3,itsikwára tsinipúki ipituni,olho dele é azul escuro
233,itsú atsu - veado as.mp3,itsú atsu,veado
234,iwítu - vento as.mp3,iwítu,vento
235,ɨáwa rarɨta - que vai esticando as.mp3,ɨáwa rarɨta,que vai esticando
236,ɨwɨra - árvore as.mp3,ɨwɨra,árvore
237,ja ikẃa iáta - tocador as.mp3,ja ikẃa iáta,tocador
238,ja jaúki - que tece as.mp3,ja jaúki,que tece
239,ja panáwara - que corre mais as.mp3,ja panáwara,que corre mais
240,j́a tréta - coletor colheita as.mp3,j́a tréta,coletor colheita
241,jaapóra táma tsinu - teimoso as.mp3,jaapóra táma tsinu,teimoso
242,jácari táma numanúta axtópi - não se pode comer todos os jacarés as.mp3,jácari táma numanúta axtópi,não se pode comer todos os jacarés
243,jácari tsói játxapúnin-mas a carne do jacaré é boa.  as.mp3,jácari tsói játxapúnin,mas a carne do jacaré é boa
244,jaípóro kámata - o que trabalha as.mp3,jaípóro kámata,o que trabalha
245,j́akári ánimáru era ratxeta éju - jacaré é o bicho que ela mais gosta de comer as.mp3,j́akári ánimáru era ratxeta éju,jacaré é o bicho que ela mais gosta de comer
246,jákina tse épikáka - eu abro a porta as.mp3,jákina tse épikáka,eu abro a porta
247,jákrupa - roçador as.mp3,jákrupa,roçador
248,jámuki úni jukútikwara tewe muki ipíramuki - com sal e com peixe as.mp3,jámuki úni jukútikwara tewe muki ipíramuki,com sal e com peixe
249,jánúki axtópi rápuránu - vai botar tudo para cozinhar as.mp3,jánúki axtópi rápuránu,vai botar tudo para cozinhar
250,jánúki úni ikútikwára - vá colocar água na panela-    as.mp3,jánúki úni ikútikwára,vá colocar água na panela
251,jánúki úni téwe - precisa de água e sal -  as.mp3,jánúki úni téwe,precisa de água e sal
252,jápana - corredor as.mp3,jápana,corredor
253,j́apána wára -  que corre mais  as.mp3,j́apána wára,que corre mais
254,jáparátxi - o que dança o.mp3,jáparátxi,o que dança o
255,j́ápo ikára - o japó canta  as.mp3,j́ápo ikára,o japó canta
256,j́apóa - coisa redonda as.mp3,j́apóa,coisa redonda
257,j́apóka - senta as.mp3,j́apóka,senta
258,japóra játxu - chorão as.mp3,japóra jatxu,já chorou
259,japóra jatxu - já chorou as.mp3,japóra játxu,chorão
260,japóra júmi oípi kuti - ela me deu um porco - as.mp3,japóra júmi oípi kuti,ela me deu um porco
261,jáporo ikwa japáratxi - já sabe dançar as.mp3,jáporo ikwa japáratxi,já sabe dançar
262,japóru júmi atawári - ele me deu uma galinha - as.mp3,japóru júmi atawári,ele me deu uma galinha
263,japóru txirímapa - dengoso as.mp3,japóru txirímapa,dengoso
264,jáptsoi ratxita iriwa fexta ukáka - aí ele queria voltar pra casa da festa - as.mp3,jáptsoi ratxita iriwa fexta ukáka,aí ele queria voltar pra casa da festa
265,jápu mutxíru - mergulhador as.mp3,jápu mutxíru,mergulhador
266,j́apúka -senta  mariajanuário.mp3,j́apúka,senta
267,japúra kumitsa txeta - falador fala muito as.mp3,japúra kumitsa txeta,falador fala muito
268,japúra kumítsa txeta - já fala muito falador as.mp3,japúra kumítsa txeta,já fala muito falador
269,japýri kwara - olho dˈagua as.mp3,japýri kwara,olho dˈagua
270,játreta - colheita -coletor as.mp3,játreta,colheita - coletor
271,játsi - lua as.mp3,játsi,lua
272,játsi tɨmitsona - lua cheia as.mp3,játsi tɨmitsona,lua cheia
273,játsi tsatsu - lua nova as.mp3,játsi tsatsu,lua nova
274,jatsu - mês  as.mp3,jatsu,mês
275,jaúki pírúka tara - descascar as.mp3,jaúki pírúka tara,descascar
276,jaúmi ámutsi - ele vê longe as.mp3,jaúmi ámutsi,ele vê longe
277,jawára karúta otavio - cachorro mordeu otávio - as.mp3,jawára karúta otavio,cachorro mordeu otávio
278,jáwari - o que embarca as.mp3,jáwari,o que embarca
279,jía usto as.mp3,jía usto,
280,jkuáti amána wári - ontem choveu as.mp3,jkuáti amána wári,ontem choveu
281,joselino tsakúta waldeci - joselino cortou valneci - as.mp3,joselino tsakúta waldeci,joselino cortou valneci
282,j́uáti mitxira - pirarucu assado - as.mp3,j́uáti mitxira,pirarucu assado
283,júcun - vai acontecer alguma coisa que a pessoa ta vendo- as.mp3,júcun,vai acontecer alguma coisa que a pessoa ta vendo
284,jukúka - abraçar  - as.mp3,jukúka,abraçar
285,j́ukúkasin - abraço - as.mp3,j́ukúkasin,abraço
286,jwiriáti - mato as.mp3,jwiriáti,mato
287,káfi na txéta - quer um café (pergunta ) as.mp3,káfi na txéta,quer um café (pergunta )
288,káfi puritsɨri - o café já tá frio as.mp3,káfi puritsɨri,o café já tá frio
289,kaítsuma - caiçuma as.mp3,kaítsuma,caiçuma
290,kaɨ - macaco prego as.mp3,kaɨ,macaco prego
291,káma - seio de mulher.mp3,káma,seio de mulher
292,kamúta - batata doce as.mp3,kamúta,batata doce
293,kanáta - clareou  - as.mp3,kanáta,clareou
294,kansatxunga iukúti - dezessete panela -  as.mp3,kansatxunga iukúti,dezessete panela
295,kánsi irátsóri - sete mentiroso  as.mp3,kánsi irátsóri,sete mentiroso
296,kánsi txunga máníaca ɨwɨa - noventa pé de mandioca - as.mp3,kánsi txunga máníaca ɨwɨa,noventa pé de mandioca
297,kántsi ipíra - nove cestos  (nove peixes) - as.mp3,kántsi ipíra,nove cestos  (nove peixes)
298,kántu tso otsi putsi kwára tsakítari - amanhã vou pescar no lago - as.mp3,kántu tso otsi putsi kwára tsakítari,amanhã vou pescar no lago
299,kántun - manhã as.mp3,kántun,manhã
300,kántun tsotso brasília úkati - amanhã eu vou para brasília as.mp3,kántun tsotso brasília úkati,amanhã eu vou para brasília
301,kánuára - costela.mp3,kanuára,qualquerosso
302,kanuára- qualquerosso.mp3,kánuára,costela
303,kapepa-coco fezes oto.mp3,kapepa,coco fezes oto
304,kápi-capim as.mp3,kápi,capim
305,kapiwara - capivara as.mp3,kapiwara,capivara
306,karuka-tarde as.mp3,karuka,tarde
307,karúta - morder as.mp3,karúta,morder
308,kátika inákɨa - catar piolho - benjaminsamias.mp3,kátika inákɨa,catar piolho
309,kay-canela.mp3,kay,canela
310,kay-caroço as.mp3,kay,caroço
311,kay-perna.mp3,kay,perna
312,kay musturi - calcanhar as.mp3,kay musturi,calcanhar
313,kaykanuara-ossodaperna.mp3,kaykanuara,ossodaperna
314,kaytsuri - pirabutão as.mp3,kaytsuri,pirabutão
315,kaza txunga kúti - setenta teçado - as.mp3,kaza txunga kúti,setenta teçado
316,kɨrúka - pilão as.mp3,kɨrúka,pilão
317,kolandro - chicória -   as.mp3,kolandro,chicória
318,konume-konumi -solteiro-solteira.mp3,konume - konumi,solteiro - solteira
319,koruru - sapo as.mp3,koruru,sapo
320,kuatá-macaco quatá as.mp3,kuatá,macaco quatá
321,kuéru - jerimum as.mp3,kuéru,jerimum
322,kukaratxa - barata as.mp3,kukaratxa,barata
323,kúmitsa - conversa -  mariajanuáro.mp3,kumitsa,conversa
324,kumitsa - conversa as.mp3,kúmitsa,conversa
325,kumýra - língua.mp3,kumýra,língua
326,kúníati kána utso tsukutára  - as mocinhas foram lavar roupas as.mp3,kúníati kána utso tsukutára,as mocinhas foram lavar roupas
327,kupja-cupim as.mp3,kupja,cupim
328,kuri tsuara- esp. de papagaio pequeno m.mp3,kuri tsuara,esp. de papagaio pequeno
329,kuriki - dinheiro as.mp3,kuriki,dinheiro
330,kúríki - dinheiro as.mp3,kúríki,dinheiro
331,kurimata - curimata as.mp3,kurimata,curimata
332,kúruru upurutáki txeta - o sapo pula muito - as.mp3,kúruru upurutáki txeta,o sapo pula muito
333,kúti áwakána ukrɨtse - porco daqueles homens é gordo - as.mp3,kúti áwakána ukrɨtse,porco daqueles homens é gordo
334,kuwa - piolho as.mp3,kuwa,piolho
335,kwa kwára - caverna as.mp3,kwa kwára,caverna
336,kwakwára - buraco as.mp3,kwakwára,buraco
337,kwãna-aracu as.mp3,kwãna,aracu
338,kwáratxi - sol as.mp3,kwáratxi,sol
339,kwáratxi-céu as.mp3,kwáratxi,céu
340,kwaratxi ajpóra utso - o sol foi embora  as.mp3,kwaratxi ajpóra utso,o sol foi embora
341,kwáratxi éndere táta - o sol é quase como o fogo as.mp3,kwáratxi éndere táta,o sol é quase como o fogo
342,kwarátxi ikánu tiru -  sol seca roupa as.mp3,kwarátxi ikánu tiru,sol seca roupa
343,kwaratxi tsakúta - o sol esquenta as.mp3,kwaratxi tsakúta,o sol esquenta
344,kwáratxy- céu as.mp3,kwáratxy,céu
345,kwaruka-xixi-urina oto.mp3,kwaruka,xixi - urina
346,luís jámutima icún tabatinga tsori - luis chega hoje de tabatinga as.mp3,luís jámutima icún tabatinga tsori,luis chega hoje de tabatinga
347,máiru na tira - o que é isso -   as.mp3,máiru na tira,o que é isso
348,máj - não índio branco -as.mp3,máj,não índio branco
349,"makatípa ma erípaka  oríki sapotal  - qual lugar mais bonito sapotal ou ourique - as.mp3",makatípa ma erípaka oríki sapotal,"qual lugar mais bonito sapotal ou ourique"
350,manhã - kanata úpato -   as.mp3,manhã,kanata úpato
351,máni - mandin as.mp3,máni,mandin
352,máni wátsi tsóri - qualquer peixe de couro -  as.mp3,máni wátsi tsóri,qualquer peixe de couro
353,máni wátsu - pacamu as.mp3,máni wátsu,pacamu
354,mánia tupe na ukɨra era - dormiu bem as.mp3,mánia tupe na ukɨra era,dormiu bem
355,mánia wátsu íni papai - otto.mp3,mánia wátsu íni papai,
356,mánia wátsu undéne papai - como vai papai -  otto.mp3,mánia wátsu undéne papai,como vai papai
357,mániaca-mandioca as.mp3,mániaca,mandioca
358,mánian nútso - saudação de quem está chegando as.mp3,mánian nútso,saudação de quem está chegando
359,mápa-abelha as.mp3,mápa,abelha
360,mapóru txira - preguiçoso as.mp3,mapóru txira,preguiçoso
361,marakãna-maracãna m.mp3,marakãna,maracãna
362,mári típura - o que é isso  as.mp3,mári típura,o que é isso
363,maria kúmitsai - dona maria disse que - as.mp3,maria kúmitsai,dona maria disse que
364,maria táma éjátɨra tsópi - maria é dferente de antônio as.mp3,maria táma éjátɨra tsópi,maria é dferente de antônio
365,marira raikáka - por que estão brigando as.mp3,marira raikáka,por que estão brigando
366,maríru naj́umura - as.mp3,maríru naj́umura,
367,maríru naj́umura na irua múki - as.mp3,maríru naj́umura na irua múki,
368,masa mɨra iátsúma - a mújica é liquida as.mp3,masa mɨra iátsúma,a mújica é liquida
369,matípa na tsita - o que você que - mariajanuário.mp3,matípa na tsita,o que você que
370,matsa mɨra ajpóra tse - a mujica tá fria as.mp3,matsa mɨra ajpóra tse,a mujica tá fria
371,máynuma - beija-flor as.mp3,máynuma,beija-flor
372,miríkya-mulher do irmão.mp3,miríkya,mulher do irmão
373,mixu - gato as.mp3,mixu,gato
374,mɨta -bigode.mp3,mɨta,bigode
375,móna tsóri - ladrão as.mp3,móna tsóri,ladrão
376,motóro jamútsima pékaka - barco chegou no porto as.mp3,motóro jamútsima pékaka,barco chegou no porto
377,moy watsu - cobra grande as.mp3,moy watsu,cobra grande
378,mukuíka ikratsin - dois meninos   - as.mp3,mukuíka ikratsin,dois meninos
379,mukuíka na enu - só nós vamos embora firmino.mp3,mukuíka na enu,só nós vamos embora firmino
380,mukuíka patxa ɨwa uakɨra - duzentos pé de cana as.mp3,mukuíka patxa ɨwa uakɨra,duzentos pé de cana
381,mukuíka pɨa -  duas mãos - as.mp3,mukuíka pɨa,duas mãos
382,mukuíka txunga jawára - vinte cachorro - as.mp3,mukuíka txunga jawára,vinte cachorro
383,mukuíka txunga motoro - doze motores  as.mp3,mukuíka txunga motoro,doze motores
384,mukuíka úka - duas casas as.mp3,mukuíka úka,duas casas
385,muruaˈ-umbigo.mp3,muruaˈ,umbigo
386,muta-barba.mp3,muta,barba
387,mútsapirika txunga - trinta jogador as.mp3,mútsapirika txunga,trinta jogador
388,mutsupurika kɨj - três macaco prego as.mp3,mutsupurika kɨj,três macaco prego
389,mútsupurúka patxa tsa - trezentas folhas -  as.mp3,mutsupúruka patxa tsa,quinhentos
390,mutsupúruka patxa tsa- quinhentos as.mp3,mútsupurúka patxa tsa,trezentas folhas
391,mutsupúruka txunga jápitxíru- treze chapéus - as.mp3,mutsupúruka txunga jápitxíru,treze chapéus
392,mutsupurúka txúnga óipi atawári - trinta e um galo - as.mp3,mutsupurúka txúnga óipi atawári,trinta e um galo
393,mutu - mutum as.mp3,mutu,mutum
394,mutuka puráno jamáti   - as  mutucas estão com fome.  - as.mp3,mutuka puráno jamáti,as  mutucas estão com fome
395,mutuka púru jámati-  as mutucas estavam com fome - as.mp3,mutuka púru jámati,as mutucas estavam com fome
396,muy - cobra as.mp3,muy,cobra
397,na ikẃa - ele aprende as.mp3,na ikẃa,ele aprende
398,na irúa jámutíma - seu irmão já chegou - as.mp3,na irúa jámutíma,seu irmão já chegou
399,na miríkwa tsápúki - tua mulher tá chamando - as.mp3,na miríkwa tsápúki,tua mulher tá chamando
400,na tsetɨni - cheirar as.mp3,na tsetɨni,cheirar
401,na tsita tsin niríwa na ukáka na kúrata tsin úni - você quer voltar em casa para beber água - mariasamias.mp3,na tsita tsin niríwa na ukáka na kúrata tsin úni,você quer voltar em casa para beber água
402,na txita tsin iriu na úkaka na kuráta tsin úni -   eu quero voltar pra casa pra beber água - mariasamias.mp3,na txita tsin iriu na úkaka na kuráta tsin úni,eu quero voltar pra casa pra beber água
403,na txurúta - esfriar as.mp3,na txurúta,esfriar
404,na utso tutsu kutára náwa rakátsin amána útso- lavar roupa antes de cair muita chuva as.mp3,na utso tutsu kutára náwa rakátsin amána útso,lavar roupa antes de cair muita chuva
405,námi - orelha.mp3,námi,orelha
406,nánpuránu txaru- eles estão sujo - as.mp3,nánpuránu txaru,eles estão sujo
407,náptsara útso áiutára - os homens foram caçar -  as.mp3,naptsara,homem
408,naptsara-homem.mp3,náptsara útso áiutára,os homens foram caçar
409,naptsaráno kuráta awaríndi - os homens beberam muita cachaça - mariajanuário.mp3,naptsaráno kuráta awaríndi,os homens beberam muita cachaça
410,"níaututu kiuto tsoto na pápu tsoto mútiro jakána míra - vem me ajudar minha filha lavar roupa calça do teu pai - mariajanuário.mp3",níaututu kiuto tsoto na pápu tsoto mútiro jakána míra,"vem me ajudar minha filha lavar roupa calça do teu pai"
411,nimári j́autíma uri -  ela ainda não veio - otto.mp3,nimári j́autíma uri,ela ainda não veio
412,nunka tsa iúki - nunca fiz isso - as.mp3,nunka tsa iúki,nunca fiz isso
413,nunka tsa óki aj  - eu nunca fiz isso - as.mp3,nunka tsa óki aj,eu nunca fiz isso
414,oetíni - nuvem benjaminsamias.mp3,oetíni,nuvem
415,oípi  j́auti - um jabuti as.mp3,oípi  j́auti,um jabuti
416,oípi patxa tsitsa - cem estrelas - as.mp3,oípi patxa tsitsa,cem estrelas
417,oípi perúpi - uma bola  as.mp3,oípi perúpi,uma bola
418,otavio kwaruka atomitiri kwára - otávio mijou  nas calças  - as.mp3,otavio kwaruka atomitiri kwára,otávio mijou  nas calças
419,otávio miríkua ukɨra purútsu kátu - a mulher do seu otávio amanheceu no chão - as.mp3,otávio miríkua ukɨra purútsu kátu,a mulher do seu otávio amanheceu no chão
420,oto íkwa iráta áwa - curador as.mp3,oto íkwa iráta áwa,curador
421,otso totso ana múki - eu vou embora com ana - as.mp3,otso totso ana múki,eu vou embora com ana
422,ouriki tsaku sapotal tsúi - ourique é mais quente que sapotal - as.mp3,ouriki tsaku sapotal tsúi,ourique é mais quente que sapotal
423,páku - pirapitinga as.mp3,páku,pirapitinga
424,panãma - borboleta as.mp3,panãma,borboleta
425,panára tse - banana doce - as.mp3,panára tse,banana doce
426,panára úputánin de maçã - banana de maçã madura - as.mp3,panára úputánin de maçã,banana de maçã madura
427,papati-rapaz.mp3,papati,rapaz
428,parána émiri - rio grande - as.mp3,parána,rio
429,parána tsýma - beira do rio as.mp3,parána émiri,rio grande
430,parána-rio benjaminsamias.mp3,parána tsýma,beira do rio
431,parura - traíra-pongó as.mp3,parura,traíra-pongó
432,patáraxka - pupeca   as.mp3,patáraxka,pupeca
433,pénu atawári jánu - nossa galinha é magra - as.mp3,pénu atawári jánu,nossa galinha é magra
434,pénu éru atso - vamos voltar - as.mp3,pénu éru atso,vamos voltar
435,pénu kánu kúraka ukáka -hoje nós passamos o dia na roça - as.mp3,pénu kánu kúraka ukáka,hoje nós passamos o dia na roça
436,pénu kaximbu wára - vocês são cachimbeiros - as.mp3,pénu kaximbu wára,vocês são cachimbeiros
437,pénu táma tsanikáka - nós não lutamos - as.mp3,pénu táma tsanikáka,nós não lutamos
438,pénu tóti wɨ́ka- nosso tio é forte - as.mp3,pénu tóti wɨ́ka,nosso tio é forte
439,pénu úkwáta mutso poróki tumátsu  - nós passamos por 3 igarapés  - as.mp3,pénu úkwáta mutso poróki tumátsu,nós passamos por 3 igarapés
440,pénu utáma j́ukáka - nós não guerreamos - as.mp3,pénu utáma j́ukáka,nós não guerreamos
441,pikuru - paca as.mp3,pikuru,paca
442,pirúka - descascar as.mp3,pirúka,descascar
443,pítika livros - cinco lirvos - as.mp3,pítika livros,cinco lirvos
444,pítika txunga livros - quinze livros - as.mp3,pítika txunga livros,quinze livros
445,pitíka txunga putíria - cinquenta garrafa as.mp3,pitíka txunga putíria,cinquenta garrafa
446,pitsámia - beliscar as.mp3,pitsámia,beliscar
447,pitxita - espremer as.mp3,pitxita,espremer
448,pitxunga wára -  as.mp3,pitxunga wára,
449,piuri - ave as.mp3,piuri,ave
450,piúri - aves as.mp3,piúri,aves
451,poa - dedo-as.mp3,poa,dedo
452,pororoca - vinho de banana as.mp3,pororoca,vinho de banana
453,pua - fígado as.mp3,pua,fígado
454,pua kwara-palmadamão.mp3,pua,dedo
455,pua-dedo.mp3,pua,dorsodamão
456,pua-dorsodamão.mp3,pua,mão
457,pua-mão.mp3,pua kwara,palmadamão
458,puka - poka - tartaruga as.mp3,puka - poka,tartaruga
459,púrano utso sacambu katxi - para sacambu ele já vai-ele foi as.mp3,púrano utso sacambu katxi,para sacambu ele já vai
460,purípe - comprar as.mp3,purípe,comprar
461,púta - tornozelo as.mp3,púta,tornozelo
462,puta kwara - sola do pé  as.mp3,puta kwara,sola do pé
463,putaˈ-pé.mp3,putaˈ,pé
464,putaˈdedodopé.mp3,putaˈ,dedo do pé
465,putía-peito as.mp3,putía,peito
466,putsa-flor as.mp3,putsa,flor
467,putsape-unha.mp3,putsape,unha
468,putsia tsai - arroto angelina.mp3,putsia tsai,arroto angelina
469,rá ẃɨka - as.mp3,rá ẃɨka,
470,rinúpi - limão as.mp3,rinúpi,limão
471,ritáma-território lugar benjaminsamias.mp3,ritáma,território lugar
472,róru ikára - papagaio canta  as.mp3,roru,papagaio
473,roru-papagaio as.mp3,róru ikára,papagaio canta
474,rosa kɨra mamátxi erípaka sapotal kwára - rosa é a menina mais bonita de sapotal  - as.mp3,rosa kɨra mamátxi erípaka sapotal kwára,rosa é a menina mais bonita de sapotal
475,sal - téwe  as.mp3,sal,téwe
476,sapu tsatsi tíma  - sapo gritou -  as.mp3,sapu tsatsi tíma,sapo gritou
477,seníora máni watsu íni - senhora como vai as.mp3,seníora máni watsu íni,senhora como vai
478,sobrinho-emeriru.mp3,sobrinho,emeriru
479,sókita txunga íwa - sessenta flecha  - as.mp3,sókita txunga íwa,sessenta flecha
480,sokta wajna - seis mulheres as.mp3,sokta wajna,seis mulheres
481,soktatxunga jámia - dezesseis pratos as.mp3,soktatxunga jámia,dezesseis pratos
482,ta  iátsi - cobrir as.mp3,ta  iátsi,cobrir
483,ta erutsi - levar as.mp3,ta erutsi,levar
484,ta ía txeta épe - eu tranco você as.mp3,ta ía txeta épe,eu tranco você
485,ta iáparari - deitar  as.mp3,ta iáparari,deitar
486,ta iátsu úka - eu cubro a casa as.mp3,ta iátsu úka,eu cubro a casa
487,ta íaúki ikúrumínan - eu faço agorinha as.mp3,ta íaúki ikúrumínan,eu faço agorinha
488,ta iaúki táta ta iaúki tsin káfi - fazer fogo para fazer café - as.mp3,ta iaúki táta ta iaúki tsin káfi,fazer fogo para fazer café
489,ta íja tími tsámi - eu estou com a barriga cheia - as.mp3,ta íja tími tsámi,eu estou com a barriga cheia
490,ta inúpi - bater a porta as.mp3,ta inúpi,bater a porta
491,ta ipikáka - abrir   as.mp3,ta ipikáka,abrir
492,ta itxára - colocar as.mp3,ta itxára,colocar
493,ta játsúka - banhar  as.mp3,ta játsúka,banhar
494,ta kápi - outras coisas as.mp3,ta kápi,outras coisas
495,ta kúmista eretsi - fale mais com força - as.mp3,ta kúmista eretsi,fale mais com força
496,ta kwáruka - mijar  as.mp3,ta kwáruka,mijar
497,ta mena-esposo.mp3,ta mena,esposo
498,ta miríkua juríti ukáka íni eritáka - minha mulher ficou em casa preparando bodó - as.mp3,ta miríkua juríti ukáka íni eritáka,minha mulher ficou em casa preparando bodó
499,ta otso ana múki brasília ukáti - eu vou embora com ana pra brasília - as.mp3,ta otso ana múki brasília ukáti,eu vou embora com ana pra brasília
500,ta papa-meu pai.mp3,ta papa,meu pai
501,ta piúta - limpar  as.mp3,ta piúta,limpar
502,ta tsa náta - contar as.mp3,ta tsa náta,contar
503,ta tsaka - ta kaka as.mp3,ta tsaka,ta kaka
504,ta tsakúta - esquentar as.mp3,ta tsakúta,esquentar
505,ta tsica  riatsin tuyuka  eripaki  tsa karaptsin - vou procurar a melhor terra pra plantar roça - as.mp3,ta tsica  riatsin tuyuka  eripaki  tsa karaptsin,vou procurar a melhor terra pra plantar roça
506,ta tsiríka tsati etse wátsu - eu estou com dor de barriga - as.mp3,ta tsiríka tsati etse wátsu,eu estou com dor de barriga
507,tá tsita naptsara kɨra - eu quero esse homenzinho - firminokuriko.mp3,tá tsita naptsara kɨra,eu quero esse homenzinho
508,ta tsita ótsu kukwára - eu quero ir pra casa - firmino.mp3,ta tsita ótsu kukwára,eu quero ir pra casa
509,ta tsita útso nu kukwára - eu preciso ir na roça - firminokuriko.mp3,ta tsita útso nu kukwára,eu preciso ir na roça
510,ta tsita utso nukánu kukwára - eu quero ir lá dentro da roça - firminokuriko.mp3,ta tsita utso nukánu kukwára,eu quero ir lá dentro da roça
511,ta tsita wainakɨra - eu quero essa mulherzinha - as.mp3,ta tsita wainakɨra,eu quero essa mulherzinha
512,ta tsitsa otso ana múki - eu quero ir com ana - maria.mp3,ta tsitsa otso ana múki,eu quero ir com ana
513,ta tsitsa otso ana múki brasília ukáti - eu quero ir com ana pra brasília - as.mp3,ta tsitsa otso ana múki brasília ukáti,eu quero ir com ana pra brasília
514,ta txáru - sujar as.mp3,ta txáru,sujar
515,tá úri sapotal tsój - tô chegando de sapotal - otto.mp3,tá úri sapotal tsój,tô chegando de sapotal
516,ta úri sapotal tsúri papai - estou chegando em sapotal papai - otto.mp3,ta úri sapotal tsúri papai,estou chegando em sapotal papai
517,ta utximáta - tirar as.mp3,ta utximáta,tirar
518,ta wáta utsu - passear as.mp3,ta wáta utsu,passear
519,ta wáti éra  - foi bom pra mim - as.mp3,ta wáti éra,foi bom pra mim
520,taía kwaía rutso - agora eu vou me lembrar as.mp3,taía kwaía rutso,agora eu vou me lembrar
521,táma éra tápioka - não tá boa a tapioca - maria.mp3,táma éra tápioka,não tá boa a tapioca
522,táma eripáka na ména - não é bonito seu marido (pergunta) - as.mp3,táma eripáka na ména,não é bonito seu marido (pergunta)
523,táma na tseta erótso étse - não quer me levar - maria.mp3,táma na tseta erótso étse,não quer me levar
524,táma ra tsinu - moco as.mp3,táma ra tsinu,moco
525,táma utso iakwiára astópi - eu esqueço tudo as.mp3,táma utso iakwiára astópi,eu esqueço tudo
526,tamakiti - tambaqui as.mp3,tamakiti,tambaqui
527,tamañu - tamanduá as.mp3,tamañu,tamanduá
528,támara tseta kúmitsa kokama - por que ela não fala em kokama - as.mp3,támara tseta kúmitsa kokama,por que ela não fala em kokama
529,tamatí-vagina as.mp3,tamatí,vagina
530,tanimuka-cinza as.mp3,tanimuka,cinza
531,tapaka -pacu as.mp3,tapaka,pacu
532,tapíara tsóritsin jawri tximatári tsa kwatátsin únikwara - eu demorei muito arrancando macaxeira pra colocar na água pra fazer minha massa - as.mp3,tapíara tsóritsin jawri tximatári tsa kwatátsin únikwara,eu demorei muito arrancando macaxeira pra colocar na água pra fazer minha massa
533,tapíra-anta as.mp3,tapíra,anta
534,tapuya-qualquer índio-as.mp3,tapuya,qualquer índio
535,tári - carvão as.mp3,tári,carvão
536,tári - carvão benjaminsamias.mp3,tári,carvão
537,tarikayu-tracajá as.mp3,tarikayu,tracajá
538,táta kwáxi - meio dia as.mp3,tata,fogo
539,táta tíni - fumaça benjaminsamias.mp3,táta,brasa
540,táta tíni - fumaça benjaminsamias(1).mp3,táta,fogo
541,táta-brasa as.mp3,táta,tição benjamin
542,tata-fogo as.mp3,táta kwáxi,meio dia
543,táta-fogo as.mp3,táta tíni,fumaça
544,táta-tição benjamin.mp3,táta tíni,fumaça
545,tataira-filhodehomem.mp3,tataira,filhodehomem
546,tatuˈ - tatu as.mp3,tatuˈ,tatu
547,tayatsu - cotia as.mp3,tayatsu,cotia
548,tchutchu - seio de mulher.mp3,tchutchu,seio de mulher
549,témendi ipíra - não tem peixe para comer - mariajanuário.mp3,témendi ipíra,não tem peixe para comer
550,témendi úi - tem farinha em casa - mariajanuário.mp3,témendi úi,tem farinha em casa
551,ti nanána kúmitsa - fala baixo  - as.mp3,ti nanána kúmitsa,fala baixo
552,tíni - branco - as.mp3,tíni,branco
553,típi utso - varrer as.mp3,típi utso,varrer
554,típixira-tripa as.mp3,típixira,tripa
555,tírij - barro benjaminsamias.mp3,tírij,barro
556,tiriri - gafanhoto as.mp3,tiriri,gafanhoto
557,tɨ́ara - comelão come muito - as.mp3,tɨ́ara,comelão come muito
558,tomincu - domingo as.mp3,tomincu,domingo
559,tôtaˈ-tia.mp3,tôtaˈ,tia
560,totí-tio.mp3,totí,tio
561,toto-rim bs.mp3,toto,rim bs
562,tsa-folha de arvore as.mp3,tsa,folha de arvore
563,tsa émerirɨ iaúki   ipótakɨ - meus netos estão fazendo barulho - as.mp3,tsa émerirɨ iaúki   ipótakɨ,meus netos estão fazendo barulho
564,tsa eyun itxara ta aíkwa - a comida me fez mal - as.mp3,tsa eyun itxara ta aíkwa,a comida me fez mal
565,tsa íaúki - eu faço as.mp3,tsa íaúki,eu faço
566,tsa íaúkitsin -  eu farei as.mp3,tsa íaúkitsin,eu farei
567,tsa íkara - eu canto as.mp3,tsa íkara,eu canto
568,tsa ɨrɨrɨ́ka - tremer as.mp3,tsa ɨrɨrɨ́ka,tremer
569,tsa ja kuíara - eu lembrei - as.mp3,tsa ja kuíara,eu lembrei
570,tsa jáki táta - vou fazer fogo - as.mp3,tsa jáki táta,vou fazer fogo
571,tsa jakúraru wautxitu tseta txutxu - eu lembrei que o menino quer mamar - as.mp3,tsa jakúraru wautxitu tseta txutxu,eu lembrei que o menino quer mamar
572,tsa jáparátsi - eu danço as.mp3,tsa jáparátsi,eu danço
573,tsa jáparátsi ikurúminan - eu danço agorinha as.mp3,tsa jáparátsi ikurúminan,eu danço agorinha
574,tsa jáparátsin - eu dançarei as.mp3,tsa jáparátsin,eu dançarei
575,tsa j́awára atsikápu- o meu paneiro é feio as.mp3,tsa j́awára atsikápu,o meu paneiro é feio
576,tsa kárupa - eu roço as.mp3,tsa kárupa,eu roço
577,tsa kunitáka - mexer as.mp3,tsa kunitáka,mexer
578,tsa kẃarápi tsin - eu roçarei as.mp3,tsa kẃarápi tsin,eu roçarei
579,tsa kwiára tsin - eu lembrei as.mp3,tsa kwiára tsin,eu lembrei
580,tsa máma tikára tsátsua- minha mãe catou piolho em mim - as.mp3,tsa máma tikára tsátsua,minha mãe catou piolho em mim
581,tsa ména eripáka - meu marido é bonito - as.mp3,tsa ména eripáka,meu marido é bonito
582,tsa ména tsati tái - eu amo minha esposa as.mp3,tsa ména tsati tái,eu amo minha esposa
583,tsa miríkia txeta puri txurínan - cunhada dela é muito muito baixa - as.mp3,tsa miríkia txeta puri txurínan,cunhada dela é muito muito baixa
584,tsa miríkua eripaka -  minha mulher é bonita - as.mp3,tsa miríkua eripaka,minha mulher é bonita
585,tsa mirikwa j́uriti ukáka eratáki jwáta - tua mulher ficou na tua casa preparando o pirarucu - as.mp3,tsa mirikwa,esposa
586,tsa miríkwa júriti ukáka ínia tewetán -minha mulher ficou em casa fazendo salgado de bodó - as.mp3,tsa mirikwa j́uriti ukáka eratáki jwáta,tua mulher ficou na tua casa preparando o pirarucu
587,tsa mirikwa-esposa.mp3,tsa miríkwa júriti ukáka ínia tewetán,minha mulher ficou em casa fazendo salgado de bodó
588,tsa mitɨ́ma - plantar as.mp3,tsa mitɨ́ma,plantar
589,tsa múna - roubar as.mp3,tsa múna,roubar
590,tsa nuy - rato as.mp3,tsa nuy,rato
591,tsa otso ana múki - as.mp3,tsa otso ana múki,
592,tsa píruátsa tsu rurúta - minha pele estica - as.mp3,tsa píruátsa tsu rurúta,minha pele estica
593,tsa puripitára - vender as.mp3,tsa puripitára,vender
594,tsa púta j́tara - meu pé tá inchado - as.mp3,tsa púta j́tara,meu pé tá inchado
595,tsa taíra támi púki - minha filha é baixa - as.mp3,tsa taíra támi púki,minha filha é baixa
596,tsa taɨra ipúki - meu filho é alto - as.mp3,tsa taɨra ipúki,meu filho é alto
597,tsa taɨra kaniu - filha dela é fraquinha as.mp3,tsa taɨra kaniu,filha dela é fraquinha
598,tsa tsika tsia - suspirar as.mp3,tsa tsika tsia,suspirar
599,tsa tsiwa - formiga as.mp3,tsa tsiwa,formiga
600,tsa úmi - se olhar as.mp3,tsa úmi,se olhar
601,tsa urukúrutáma ajtsukátu - o meu paneiro não é feio - as.mp3,tsa urukúrutáma ajtsukátu,o meu paneiro não é feio
602,tsa wárika - subir na árvore as.mp3,tsa wárika,subir na árvore
603,tsa wíni - carregar as.mp3,tsa wíni,carregar
604,tsa ya - meu coração as.mp3,tsa ya,meu coração
605,tsai-dente.mp3,tsai,dente
606,tsaika - veia as.mp3,tsaika,veia
607,tsaikãma kura -rama as.mp3,tsaikãma kura,rama
608,tsakamã-galho as.mp3,tsakamã,galho
609,tsáku-vapor calor quentura - benjaminsamias.mp3,tsáku,vapor calor quentura
610,tsamama-minhamãe.mp3,tsamama,minha mãe
611,tsapia-testículo as.mp3,tsapia,testículo
612,tsapúki - chama as.mp3,tsapúki,chama
613,tsapúta - toca as.mp3,tsapúta,toca
614,tsapwa-raiz as.mp3,tsapwa,raiz
615,tsataira-filhodamulher.mp3,tsataira,filhodamulher
616,tsayua-queijo.mp3,tsayua,queijo
617,tsenípa-joelho as.mp3,tsenípa,joelho
618,tsinipa-joelho.mp3,tsinipa,joelho
619,tsiri uátsu - eu vou voltar - as.mp3,tsiri uátsu,eu vou voltar
620,tsirika-barriga as.mp3,tsirika,barriga
621,tsitsa tsia - lagrima as.mp3,tsitsa tsia,lagrima
622,tsitsakwara-olho.mp3,tsitsakwara,olho
623,tsitsánu - chorão as.mp3,tsitsánu,chorão
624,tsitsapirwara-pestana.mp3,tsitsapirwara,pestana
625,tsitsata-sobrancelha.mp3,tsitsata,sobrancelha
626,tsítsu - estrela as.mp3,tsítsu,estrela
627,tsitxánu - sofredor as.mp3,tsitxánu,sofredor
628,tso ja kwara rutsu - eu estou lembrando - as.mp3,tso,carnedegente
629,tso-carnedegente as.mp3,tso,sangue
630,tso-sangue.mp3,tso ja kwara rutsu,eu estou lembrando
631,tsoa tutsu - andar as.mp3,tsoa tutsu,andar
632,tsouy - minhoca as.mp3,tsouy,minhoca
633,tsu makãna- cintura - as.mp3,tsu makãna,cintura
634,tsucuri - sucuri as.mp3,tsucuri,sucuri
635,tsuma kãna-quadril.mp3,tsuma kãna,quadril
636,tsúni - preta -  mariajanuário.mp3,tsúni,preta
637,tsuri - periquito as.mp3,tsuri,periquito
638,tsuri - surubim as.mp3,tsuri,surubim
639,tsutuma-coxa.mp3,tsutuma,coxa
640,tsuy tune - cascavel as.mp3,tsuy tune,cascavel
641,tsýki - fuma as.mp3,tsýki,fuma
642,tsýki - fumante as.mp3,tsýki,fumante
643,tucunari - tucunaré as.mp3,tucunari,tucunaré
644,túpa tsinu - raio as.mp3,túpa,trovão
645,túpa-trovão as.mp3,túpa tsinu,raio
646,túpatsíni - relampejar as.mp3,túpatsíni,relampejar
647,tuyáka iwáti - pico as.mp3,tuyáka iwáti,pico
648,tuyúka íwáti - morro as.mp3,tuyuka,terra
649,tuyuka-terra as.mp3,tuyúka íwáti,morro
650,txatsa rúpi - ponta triângular as.mp3,txatsa rúpi,ponta triângular
651,txeta awacána  - tinha muita gente - as.mp3,txeta awacána,tinha muita gente
652,txeta jaímúrapa - zangado as.mp3,txeta jaímúrapa,zangado
653,txéta ra txéta tákaka - vive casando as.mp3,txéta ra txéta tákaka,vive casando
654,txikáta panára ikurán- raspas de banana verde - as.mp3,txikáta panára ikurán,raspas de banana verde
655,txirápe - arco iris as.mp3,txirápe,arco iris
656,txíri - lama as.mp3,txíri,lama
657,txíru pitáni - a blusa dele é vermelha. - mariajanuário.mp3,txíru pitáni,a blusa dele é vermelha
658,txítsa kwára - olho.mp3,txítsa kwára,olho
659,txitxa púru tsái kaítsuma tsóri - xixa é mais doce que caiçuma - as.mp3,txitxa púru tsái kaítsuma tsóri,xixa é mais doce que caiçuma
660,txunga oípi ɨj́ara - onze canoas -  as.mp3,txunga oípi ɨj́ara,onze canoas
661,txunga patxa mil - as.mp3,txunga patxa,mil
662,txúnga púa - dez dedos -  as.mp3,txúnga púa,dez dedos
663,txúri éju txéta  j́awíra - o periquito dele come muita macaxeira - as.mp3,txúri éju txéta  j́awíra,o periquito dele come muita macaxeira
664,týmatsy - braço de rio as.mp3,týmatsy,braço de rio
665,týmátsý - braço de rio as.mp3,týmátsý,braço de rio
666,uaramãma - piraíba as.mp3,uaramãma,piraíba
667,uari - parto as.mp3,uari,parto
668,uiári - grude - as.mp3,uiári,grude
669,uípi kwarátxi francisco utso - um dia francisco vai - as.mp3,uípi kwarátxi francisco utso,um dia francisco vai
670,uírupi - chão benjaminsamias.mp3,uírupi,chão
671,uíupi - descer as.mp3,uíupi,descer
672,úkaru - planície as.mp3,úkaru,planície
673,ukratisin-menino.mp3,ukratisin,menino
674,ukratsu-gordura oto.mp3,ukratsu,gordura oto
675,ukýra - ciumento as.mp3,ukýra,ciumento
676,umano - morte as.mp3,umano,morte
677,umãnu-umãnõ - morto oto.mp3,umãnu - umãnõ,morto
678,uná mutúawára - aquele que mata assassino as.mp3,uná mutúawára,aquele que mata assassino
679,úni  nua - inverno - as.mp3,uni,água
680,uni atsírika éretse - queda dˈagua as.mp3,úni  nua,inverno
681,uni-água as.mp3,uni atsírika éretse,queda dˈagua
682,upari - sardinha as.mp3,upari,sardinha
683,ura - lagarto as.mp3,ura,lagarto
684,ura - mentira as.mp3,ura,mentira
685,úrɨma kúrata txeta úni - o pato bebe muita água - as.mp3,úrɨma kúrata txeta úni,o pato bebe muita água
686,úrɨmu ajpóra kuráta úni - o pato já bebeu água - as.mp3,úrɨmu ajpóra kuráta úni,o pato já bebeu água
687,uruma - pato as.mp3,uruma,pato
688,urupu - urubu as.mp3,urupu,urubu
689,útso pirúka - vai descascar as.mp3,útso pirúka,vai descascar
690,útxima awkári kána - sair fora  - as.mp3,útxima awkári kána,sair fora
691,útxima waukɨra - só um vai embora - as.mp3,útxima waukɨra,só um vai embora
692,uwura - tronco as.mp3,uwura,tronco
693,uy-farinha de mandioca as.mp3,uy,farinha de mandioca
694,valdemir umánuta ikún kamíki - valdemir matou ulicornio maria.mp3,valdemir umánuta ikún kamíki,valdemir matou ulicornio maria
695,wáina kánu utso parána kuára - as mulheres foram tomar banho no rio - as.mp3,wáina kánu utso parána kuára,as mulheres foram tomar banho no rio
696,waina tíni e naptsára tsúni - a mulher é branca e o marido é preto  - as.mp3,waina tíni e naptsára tsúni,a mulher é branca e o marido é preto
697,waína tíni tsi - mulheres brancas muito - as.mp3,waína tíni tsi,mulheres brancas muito
698,wakamayo-arara as.mp3,wakamayo,arara
699,wakara-garça oto.mp3,wakara,garça oto
700,wakara.garça as.mp3,wakara,garça
701,wana-mulher.mp3,wana,mulher
702,wapóro - barco grande as.mp3,wapóro,barco grande
703,wara - dourado as.mp3,wara,dourado
704,wári - chover as.mp3,wári,chover
705,wárika - sobe - mariajanuário.mp3,wárika,sobe
706,wáta wára - nadador as.mp3,wáta wára,nadador
707,wayna-mulher.mp3,wayna,mulher
708,westa - festa as.mp3,westa,festa
709,westa  ja  wajna jaw kara - as.mp3,westa  ja  wajna jaw kara,
710,westa ja wajna jaw kara - festa da moça nova as.mp3,westa ja wajna jaw kara,festa da moça nova
711,weʃta - festa as.mp3,weʃta,festa
712,whitu-vento-ar as.mp3,whitu,vento
713,wiratsu-gavião as.mp3,wiratsu,gavião
714,witu - pintura no corpo as.mp3,witu,pintura no corpo
715,wɨri ikára - o passarinho canta  as.mp3,wɨri ikára,o passarinho canta
716,woura - todos os paus as.mp3,woura,todos os paus
717,wura - passarinho as.mp3,wura,passarinho
718,wyha-velha.mp3,wyha,velha
719,wyhu-velho.mp3,wyhu,velho
720,ya wareutara - onça as.mp3,ya wareutara,onça
721,yacari-jacaré as.mp3,yacari,jacaré
722,yakamin-jacamin oto.mp3,yakamin,jacamin oto
723,yakwtsa-cabeça.mp3,yakwtsa,cabeça
724,yãnu-aranha benjamin.mp3,yãnu,aranha
725,yanukanuara-espinhadorsal.mp3,yanukanuara,espinha dorsal
726,yararaca - cascável as.mp3,yararaca,cascável
727,yata putsia-ombro.mp3,yata putsia,ombro
728,yatchuca-pescoço.mp3,yatchuca,pescoço
729,yatí-carapanã as.mp3,yatí,carapanã
730,yatsikwkwara-garganta.mp3,yatsikwkwara,garganta
731,yatsu kupi- costas.mp3,yatsu kupi,costas
732,yatswa - choro as.mp3,yatswa,choro
733,yawara - cachorro as.mp3,yawara,cachorro
734,yawaura-arraia as.mp3,yawaura,arraia
735,ypatsu - lago - lagoa as.mp3,ypatsu,lago - lagoa
736,yrýa - fruto as.mp3,yrýa,fruto
737,yuru tuma-lábio.mp3,yuru,boca
738,yuru.boca.mp3,yuru tuma,lábio
739,ýwitu - temporal benjaminsamias.mp3,ýwitu,temporal